{"cameraMode":{"drawMode":0,"name":"Shaded","section":"Shading Mode"},"sceneLighting":true,"audioPlay":false,"sceneViewState":{"showFog":true,"showMaterialUpdate":false,"showSkybox":true,"showFlares":true,"showImageEffects":true,"showParticleSystems":true},"in2DMode":false,"pivot":{"x":1061.991455078125,"y":-80.99410247802735,"z":407.0057373046875},"rotation":{"x":-0.2422812581062317,"y":0.3458949327468872,"z":-0.09295196086168289,"w":-0.9016914963722229},"size":61.921180725097659,"orthographic":false}